<!--
  ~ Copyright 2015-present Open Networking Foundation
  ~
  ~ Licensed under the Apache License, Version 2.0 (the "License");
  ~ you may not use this file except in compliance with the License.
  ~ You may obtain a copy of the License at
  ~
  ~     http://www.apache.org/licenses/LICENSE-2.0
  ~
  ~ Unless required by applicable law or agreed to in writing, software
  ~ distributed under the License is distributed on an "AS IS" BASIS,
  ~ WITHOUT WARRANTIES OR CONDITIONS OF ANY KIND, either express or implied.
  ~ See the License for the specific language governing permissions and
  ~ limitations under the License.
  -->
<app name="abc.def.ospf" origin="SVV" version="1.0-SNAPSHOT"
        title="Search-based Forwarding App" category="default" url="http://onosproject.org"
        featuresRepo="mvn:abc.def/ospf-app/1.0-SNAPSHOT/xml/features"
        features="ospf-app" apps="">
    <description>ONOS OSGi bundle archetype.</description>
    <artifact>mvn:abc.def/ospf-app/1.0-SNAPSHOT</artifact>
    <artifact>mvn:org.uma.jmetal/jmetal-core/5.6</artifact>
    <artifact>mvn:org.uma.jmetal/jmetal-algorithm/5.6</artifact>
</app>
