<!--
  ~ Copyright 2015-present Open Networking Foundation
  ~
  ~ Licensed under the Apache License, Version 2.0 (the "License");
  ~ you may not use this file except in compliance with the License.
  ~ You may obtain a copy of the License at
  ~
  ~     http://www.apache.org/licenses/LICENSE-2.0
  ~
  ~ Unless required by applicable law or agreed to in writing, software
  ~ distributed under the License is distributed on an "AS IS" BASIS,
  ~ WITHOUT WARRANTIES OR CONDITIONS OF ANY KIND, either express or implied.
  ~ See the License for the specific language governing permissions and
  ~ limitations under the License.
  -->
<features xmlns="http://karaf.apache.org/xmlns/features/v1.2.0" name="dices-app-1.0-SNAPSHOT">
    <feature name="dices-app" version="1.0-SNAPSHOT"
             description="ONOS OSGi bundle archetype.">
        <feature>onos-api</feature>
        <bundle>mvn:abc.def/dices-app/1.0-SNAPSHOT</bundle>
        <bundle>wrap:mvn:org.uma.jmetal/jmetal-core/5.6</bundle>
        <bundle>wrap:mvn:org.uma.jmetal/jmetal-algorithm/5.6</bundle>
    </feature>
</features>
